time,airTemperature.noaa,airTemperature.sg,currentDirection.meto,currentDirection.sg,currentSpeed.meto,currentSpeed.sg,humidity.noaa,humidity.sg,precipitation.noaa,precipitation.sg,seaLevel.meto,seaLevel.sg,secondarySwellDirection.noaa,secondarySwellDirection.sg,secondarySwellHeight.noaa,secondarySwellHeight.sg,secondarySwellPeriod.noaa,secondarySwellPeriod.sg,swellDirection.icon,swellDirection.meteo,swellDirection.noaa,swellDirection.sg,swellHeight.icon,swellHeight.meteo,swellHeight.noaa,swellHeight.sg,swellPeriod.icon,swellPeriod.meteo,swellPeriod.noaa,swellPeriod.sg,windDirection.icon,windDirection.noaa,windDirection.sg,windSpeed.icon,windSpeed.noaa,windSpeed.sg
2022-06-20T01:00:00+00:00,18.97,18.97,54.94,54.94,0.24,0.24,89.37,89.37,0.0,0.0,-0.19,-0.19,330.21,330.21,0.42,0.42,11.27,11.27,346.02,348.34,228.53,348.34,1.47,1.03,0.18,1.03,7.92,6.01,13.56,6.01,41.65,35.54,41.65,5.71,4.07,5.71
2022-06-20T02:00:00+00:00,18.65,18.65,54.37,54.37,0.23,0.23,90.23,90.23,0.0,0.0,-0.19,-0.19,330.77,330.77,0.42,0.42,11.15,11.15,345.75,340.5,228.45,340.5,1.47,0.91,0.18,0.91,7.94,7.15,13.58,7.15,41.04,35.98,41.04,5.23,3.67,5.23
2022-06-20T03:00:00+00:00,18.32,18.32,53.5,53.5,0.21,0.21,91.1,91.1,0.0,0.0,-0.19,-0.19,331.32,331.32,0.42,0.42,11.03,11.03,345.49,332.67,228.37,332.67,1.48,0.79,0.18,0.79,7.95,8.3,13.61,8.3,40.42,36.41,40.42,4.74,3.27,4.74
2022-06-20T04:00:00+00:00,18.21,18.21,52.45,52.45,0.2,0.2,91.57,91.57,0.0,0.0,-0.19,-0.19,334.56,334.56,0.4,0.4,11.0,11.0,344.23,332.53,222.39,332.53,1.49,0.98,0.16,0.98,8.16,7.85,13.86,7.85,32.05,33.16,32.05,5.08,3.25,5.08
2022-06-20T05:00:00+00:00,18.09,18.09,51.37,51.37,0.18,0.18,92.03,92.03,0.0,0.0,-0.19,-0.19,337.8,337.8,0.39,0.39,10.96,10.96,342.96,332.4,216.4,332.4,1.51,1.17,0.13,1.17,8.36,7.41,14.11,7.41,23.67,29.91,23.67,5.43,3.24,5.43
2022-06-20T06:00:00+00:00,17.98,17.98,50.06,50.06,0.17,0.17,92.5,92.5,0.0,0.0,-0.19,-0.19,341.04,341.04,0.37,0.37,10.93,10.93,341.7,332.26,210.42,332.26,1.52,1.36,0.11,1.36,8.57,6.96,14.36,6.96,15.3,26.66,15.3,5.77,3.22,5.77
2022-06-20T07:00:00+00:00,19.02,19.02,48.53,48.53,0.16,0.16,85.2,85.2,0.0,0.0,-0.19,-0.19,341.66,341.66,0.4,0.4,10.94,10.94,341.56,335.2,259.35,335.2,1.59,1.38,0.14,1.38,8.9,6.65,14.38,6.65,15.69,23.1,15.69,6.04,4.5,6.04
2022-06-20T08:00:00+00:00,20.06,20.06,47.1,47.1,0.15,0.15,77.9,77.9,0.0,0.0,-0.19,-0.19,342.28,342.28,0.42,0.42,10.95,10.95,341.41,338.15,308.28,338.15,1.65,1.39,0.17,1.39,9.24,6.33,14.39,6.33,16.08,19.53,16.08,6.31,5.77,6.31
2022-06-20T09:00:00+00:00,21.11,21.11,45.5,45.5,0.15,0.15,70.6,70.6,0.0,0.0,-0.19,-0.19,342.9,342.9,0.45,0.45,10.96,10.96,341.27,341.09,357.21,341.09,1.72,1.41,0.2,1.41,9.57,6.02,14.41,6.02,16.47,15.97,16.47,6.58,7.05,6.58
2022-06-20T10:00:00+00:00,21.96,21.96,43.98,43.98,0.15,0.15,67.07,67.07,0.0,0.0,-0.19,-0.19,340.21,340.21,0.5,0.5,11.6,11.6,342.13,342.66,318.08,342.66,1.84,1.67,0.22,1.67,9.86,6.91,13.87,6.91,17.48,21.67,17.48,6.51,7.08,6.51
2022-06-20T11:00:00+00:00,22.81,22.81,42.45,42.45,0.15,0.15,63.53,63.53,0.0,0.0,-0.19,-0.19,337.51,337.51,0.54,0.54,12.25,12.25,342.98,344.24,278.94,344.24,1.96,1.94,0.24,1.94,10.16,7.79,13.33,7.79,18.5,27.36,18.5,6.45,7.12,6.45
2022-06-20T12:00:00+00:00,23.67,23.67,41.32,41.32,0.15,0.15,60.0,60.0,0.0,0.0,-0.19,-0.19,334.82,334.82,0.59,0.59,12.89,12.89,343.84,345.81,239.81,345.81,2.08,2.2,0.26,2.2,10.45,8.68,12.79,8.68,19.51,33.06,19.51,6.38,7.15,6.38
2022-06-20T13:00:00+00:00,23.77,23.77,40.48,40.48,0.15,0.15,59.77,59.77,0.0,0.0,-0.19,-0.19,293.65,293.65,0.43,0.43,13.11,13.11,344.33,346.21,275.11,346.21,2.17,2.3,0.84,2.3,10.65,8.83,12.42,8.83,17.44,30.67,17.44,6.73,7.13,6.73
2022-06-20T14:00:00+00:00,23.88,23.88,39.78,39.78,0.16,0.16,59.53,59.53,0.0,0.0,-0.19,-0.19,252.48,252.48,0.28,0.28,13.33,13.33,344.82,346.61,310.41,346.61,2.27,2.4,1.41,2.4,10.85,8.98,12.06,8.98,15.37,28.27,15.37,7.08,7.1,7.08
2022-06-20T15:00:00+00:00,23.98,23.98,39.33,39.33,0.17,0.17,59.3,59.3,0.0,0.0,-0.19,-0.19,211.31,211.31,0.12,0.12,13.55,13.55,345.31,347.01,345.71,347.01,2.36,2.5,1.99,2.5,11.05,9.13,11.69,9.13,13.3,25.88,13.3,7.43,7.08,7.43
2022-06-20T16:00:00+00:00,23.32,23.32,38.87,38.87,0.18,0.18,61.87,61.87,0.0,0.0,-0.19,-0.19,211.17,211.17,0.12,0.12,13.53,13.53,345.53,347.15,346.3,347.15,2.4,2.53,2.05,2.53,11.11,9.18,11.57,9.18,15.07,23.96,15.07,7.72,7.01,7.72
2022-06-20T17:00:00+00:00,22.65,22.65,38.6,38.6,0.19,0.19,64.43,64.43,0.0,0.0,-0.19,-0.19,211.03,211.03,0.12,0.12,13.5,13.5,345.75,347.29,346.9,347.29,2.44,2.55,2.12,2.55,11.16,9.23,11.44,9.23,16.85,22.03,16.85,8.0,6.94,8.0
2022-06-20T18:00:00+00:00,21.98,21.98,38.63,38.63,0.21,0.21,67.0,67.0,0.0,0.0,-0.19,-0.19,210.89,210.89,0.12,0.12,13.48,13.48,345.97,347.43,347.49,347.43,2.48,2.58,2.18,2.58,11.22,9.28,11.32,9.28,18.62,20.11,18.62,8.29,6.87,8.29
2022-06-20T19:00:00+00:00,21.2,21.2,38.53,38.53,0.22,0.22,70.03,70.03,0.0,0.0,-0.19,-0.19,210.65,210.65,0.12,0.12,13.45,13.45,346.82,348.05,347.79,348.05,2.51,2.59,2.19,2.59,11.06,9.21,11.27,9.21,24.48,23.64,24.48,7.83,6.57,7.83
2022-06-20T20:00:00+00:00,20.43,20.43,38.54,38.54,0.23,0.23,73.07,73.07,0.0,0.0,-0.19,-0.19,210.41,210.41,0.12,0.12,13.42,13.42,347.68,348.67,348.09,348.67,2.53,2.59,2.19,2.59,10.89,9.15,11.22,9.15,30.35,27.16,30.35,7.36,6.26,7.36
2022-06-20T21:00:00+00:00,19.66,19.66,38.61,38.61,0.24,0.24,76.1,76.1,0.0,0.0,-0.19,-0.19,210.17,210.17,0.12,0.12,13.39,13.39,348.53,349.29,348.39,349.29,2.56,2.6,2.2,2.6,10.73,9.08,11.17,9.08,36.21,30.69,36.21,6.9,5.96,6.9
2022-06-20T22:00:00+00:00,19.46,19.46,38.73,38.73,0.25,0.25,78.1,78.1,0.0,0.0,-0.19,-0.19,210.11,210.11,0.12,0.12,13.32,13.32,349.13,350.29,349.2,350.29,2.54,2.59,2.2,2.59,10.59,8.98,11.16,8.98,33.92,32.44,33.92,6.68,5.38,6.68
2022-06-20T23:00:00+00:00,19.27,19.27,38.7,38.7,0.26,0.26,80.1,80.1,0.01,0.01,-0.19,-0.19,210.05,210.05,0.12,0.12,13.25,13.25,349.72,351.3,350.02,351.3,2.53,2.58,2.19,2.58,10.44,8.87,11.14,8.87,31.62,34.18,31.62,6.46,4.8,6.46
2022-06-21T00:00:00+00:00,19.07,19.07,40.96,40.96,0.28,0.28,82.1,82.1,0.01,0.01,-0.19,-0.19,209.99,209.99,0.12,0.12,13.18,13.18,350.32,352.3,350.83,352.3,2.51,2.57,2.19,2.57,10.3,8.77,11.13,8.77,29.33,35.93,29.33,6.24,4.22,6.24
2022-06-21T01:00:00+00:00,18.83,18.83,41.26,41.26,0.27,0.27,83.1,83.1,0.01,0.01,-0.19,-0.19,224.64,224.64,0.14,0.14,12.86,12.86,350.68,351.66,303.71,351.66,2.47,2.53,1.5,2.53,10.26,8.71,11.69,8.71,27.05,31.89,27.05,6.35,4.22,6.35
2022-06-21T02:00:00+00:00,18.59,18.59,41.45,41.45,0.26,0.26,84.1,84.1,0.01,0.01,-0.19,-0.19,239.3,239.3,0.16,0.16,12.55,12.55,351.04,351.03,256.58,351.03,2.44,2.49,0.8,2.49,10.21,8.65,12.24,8.65,24.78,27.85,24.78,6.47,4.21,6.47
2022-06-21T03:00:00+00:00,18.35,18.35,41.34,41.34,0.26,0.26,85.1,85.1,0.01,0.01,-0.19,-0.19,253.95,253.95,0.18,0.18,12.23,12.23,351.4,350.39,209.46,350.39,2.4,2.45,0.11,2.45,10.17,8.59,12.8,8.59,22.5,23.81,22.5,6.58,4.21,6.58
2022-06-21T04:00:00+00:00,18.34,18.34,41.03,41.03,0.25,0.25,84.77,84.77,0.01,0.01,-0.19,-0.19,268.27,268.27,0.22,0.22,11.87,11.87,351.81,351.69,209.5,351.69,2.36,2.47,0.11,2.47,10.14,8.69,12.76,8.69,22.07,23.79,22.07,6.68,4.38,6.68
2022-06-21T05:00:00+00:00,18.32,18.32,40.49,40.49,0.24,0.24,84.43,84.43,0.02,0.02,-0.19,-0.19,282.59,282.59,0.27,0.27,11.5,11.5,352.23,353.0,209.53,353.0,2.33,2.49,0.11,2.49,10.1,8.8,12.72,8.8,21.63,23.77,21.63,6.79,4.56,6.79
2022-06-21T06:00:00+00:00,18.31,18.31,39.84,39.84,0.24,0.24,84.1,84.1,0.02,0.02,-0.19,-0.19,296.91,296.91,0.31,0.31,11.14,11.14,352.64,354.3,209.57,354.3,2.29,2.51,0.11,2.51,10.07,8.9,12.68,8.9,21.2,23.75,21.2,6.89,4.73,6.89
2022-06-21T07:00:00+00:00,18.98,18.98,38.87,38.87,0.23,0.23,79.63,79.63,0.02,0.02,-0.18,-0.18,297.38,297.38,0.32,0.32,11.09,11.09,352.67,354.93,209.74,354.93,2.25,2.48,0.11,2.48,10.07,8.75,12.65,8.75,23.77,25.73,23.77,7.19,5.16,7.19
2022-06-21T08:00:00+00:00,19.66,19.66,37.82,37.82,0.23,0.23,75.17,75.17,0.02,0.02,-0.18,-0.18,297.86,297.86,0.32,0.32,11.03,11.03,352.7,355.56,209.92,355.56,2.21,2.44,0.11,2.44,10.08,8.61,12.63,8.61,26.35,27.7,26.35,7.5,5.59,7.5
2022-06-21T09:00:00+00:00,20.34,20.34,36.81,36.81,0.23,0.23,70.7,70.7,0.02,0.02,-0.18,-0.18,298.33,298.33,0.33,0.33,10.98,10.98,352.73,356.19,210.09,356.19,2.17,2.41,0.11,2.41,10.08,8.46,12.6,8.46,28.92,29.68,28.92,7.8,6.02,7.8
2022-06-21T10:00:00+00:00,20.61,20.61,35.89,35.89,0.23,0.23,68.33,68.33,0.02,0.02,-0.18,-0.18,298.32,298.32,0.33,0.33,10.92,10.92,353.67,356.66,210.22,356.66,2.15,2.37,0.11,2.37,9.98,8.33,12.56,8.33,27.14,26.5,27.14,7.58,6.37,7.58
2022-06-21T11:00:00+00:00,20.89,20.89,35.07,35.07,0.23,0.23,65.97,65.97,0.01,0.01,-0.19,-0.19,298.3,298.3,0.34,0.34,10.87,10.87,354.62,357.12,210.36,357.12,2.14,2.33,0.11,2.33,9.89,8.2,12.53,8.2,25.37,23.32,25.37,7.37,6.71,7.37
2022-06-21T12:00:00+00:00,21.16,21.16,34.58,34.58,0.24,0.24,63.6,63.6,0.0,0.0,-0.19,-0.19,298.29,298.29,0.34,0.34,10.81,10.81,355.56,357.59,210.49,357.59,2.12,2.29,0.11,2.29,9.79,8.07,12.49,8.07,23.59,20.14,23.59,7.15,7.06,7.15
2022-06-21T13:00:00+00:00,21.48,21.48,34.48,34.48,0.25,0.25,61.6,61.6,0.0,0.0,-0.19,-0.19,298.29,298.29,0.34,0.34,10.72,10.72,356.15,357.82,210.54,357.82,2.09,2.24,0.11,2.24,9.76,8.04,12.43,8.04,19.9,15.92,19.9,7.05,7.36,7.05
2022-06-21T14:00:00+00:00,21.79,21.79,34.69,34.69,0.25,0.25,59.6,59.6,0.0,0.0,-0.19,-0.19,298.28,298.28,0.33,0.33,10.62,10.62,356.74,358.06,210.6,358.06,2.07,2.2,0.11,2.2,9.74,8.02,12.37,8.02,16.21,11.69,16.21,6.94,7.67,6.94
2022-06-21T15:00:00+00:00,22.11,22.11,34.99,34.99,0.26,0.26,57.6,57.6,0.0,0.0,-0.19,-0.19,298.28,298.28,0.33,0.33,10.53,10.53,357.33,358.29,210.65,358.29,2.04,2.15,0.11,2.15,9.71,7.99,12.31,7.99,12.52,7.47,12.52,6.84,7.97,6.84
2022-06-21T16:00:00+00:00,21.53,21.53,35.57,35.57,0.27,0.27,59.57,59.57,0.0,0.0,-0.19,-0.19,298.56,298.56,0.33,0.33,10.49,10.49,357.34,358.48,210.61,358.48,2.0,2.12,0.11,2.12,9.74,7.99,12.21,7.99,10.19,6.48,10.19,6.94,7.79,6.94
2022-06-21T17:00:00+00:00,20.96,20.96,36.19,36.19,0.28,0.28,61.53,61.53,0.0,0.0,-0.19,-0.19,298.83,298.83,0.32,0.32,10.46,10.46,357.34,358.67,210.57,358.67,1.97,2.09,0.11,2.09,9.77,7.98,12.11,7.98,7.85,5.5,7.85,7.04,7.6,7.04
2022-06-21T18:00:00+00:00,20.39,20.39,36.92,36.92,0.28,0.28,63.5,63.5,0.0,0.0,-0.19,-0.19,299.11,299.11,0.32,0.32,10.42,10.42,357.35,358.86,210.53,358.86,1.93,2.06,0.11,2.06,9.8,7.98,12.01,7.98,5.52,4.51,5.52,7.14,7.42,7.14
2022-06-21T19:00:00+00:00,19.83,19.83,37.69,37.69,0.29,0.29,65.57,65.57,0.0,0.0,-0.19,-0.19,299.27,299.27,0.31,0.31,10.4,10.4,357.17,358.95,210.44,358.95,1.91,2.03,0.11,2.03,9.75,7.96,11.97,7.96,8.78,9.48,8.78,6.88,7.04,6.88
2022-06-21T20:00:00+00:00,19.27,19.27,38.4,38.4,0.29,0.29,67.63,67.63,0.0,0.0,-0.19,-0.19,299.43,299.43,0.31,0.31,10.37,10.37,356.98,359.05,210.34,359.05,1.89,2.01,0.1,2.01,9.7,7.95,11.92,7.95,12.05,14.44,12.05,6.63,6.67,6.63
2022-06-21T21:00:00+00:00,18.71,18.71,39.05,39.05,0.3,0.3,69.7,69.7,0.0,0.0,-0.19,-0.19,299.59,299.59,0.3,0.3,10.35,10.35,356.8,359.14,210.25,359.14,1.87,1.98,0.1,1.98,9.65,7.93,11.88,7.93,15.31,19.41,15.31,6.37,6.29,6.37
2022-06-21T22:00:00+00:00,18.49,18.49,39.58,39.58,0.3,0.3,70.0,70.0,0.0,0.0,-0.19,-0.19,299.1,299.1,0.29,0.29,10.33,10.33,356.74,359.0,210.45,359.0,1.8,1.95,0.1,1.95,9.57,7.91,11.85,7.91,20.13,21.12,20.13,6.57,5.85,6.57
2022-06-21T23:00:00+00:00,18.27,18.27,39.91,39.91,0.3,0.3,70.3,70.3,0.0,0.0,-0.19,-0.19,298.61,298.61,0.28,0.28,10.31,10.31,356.67,358.85,210.65,358.85,1.73,1.93,0.09,1.93,9.48,7.89,11.82,7.89,24.96,22.83,24.96,6.76,5.41,6.76
2022-06-22T00:00:00+00:00,18.05,18.05,31.01,31.01,0.38,0.38,70.6,70.6,0.0,0.0,-0.2,-0.2,298.12,298.12,0.27,0.27,10.29,10.29,356.61,358.71,210.85,358.71,1.66,1.9,0.09,1.9,9.4,7.87,11.79,7.87,29.78,24.54,29.78,6.96,4.97,6.96
2022-06-22T01:00:00+00:00,17.82,17.82,31.69,31.69,0.37,0.37,72.03,72.03,0.0,0.0,-0.2,-0.2,297.75,297.75,0.26,0.26,10.25,10.25,357.03,357.81,210.91,357.81,1.67,1.91,0.09,1.91,9.34,7.95,11.76,7.95,28.71,24.04,28.71,6.71,4.67,6.71
2022-06-22T02:00:00+00:00,17.58,17.58,32.19,32.19,0.37,0.37,73.47,73.47,0.0,0.0,-0.2,-0.2,297.38,297.38,0.26,0.26,10.22,10.22,357.46,356.92,210.96,356.92,1.67,1.93,0.09,1.93,9.28,8.02,11.73,8.02,27.64,23.54,27.64,6.45,4.37,6.45
2022-06-22T03:00:00+00:00,17.35,17.35,32.37,32.37,0.36,0.36,74.9,74.9,0.0,0.0,-0.2,-0.2,297.01,297.01,0.25,0.25,10.18,10.18,357.88,356.02,211.02,356.02,1.68,1.94,0.09,1.94,9.22,8.1,11.7,8.1,26.57,23.04,26.57,6.2,4.07,6.2
2022-06-22T04:00:00+00:00,17.18,17.18,32.21,32.21,0.35,0.35,76.23,76.23,0.0,0.0,-0.2,-0.2,297.25,297.25,0.25,0.25,10.07,10.07,357.99,356.12,211.11,356.12,1.68,1.93,0.09,1.93,9.18,8.08,11.69,8.08,26.02,24.01,26.02,5.92,3.78,5.92
2022-06-22T05:00:00+00:00,17.0,17.0,31.99,31.99,0.35,0.35,77.57,77.57,0.0,0.0,-0.2,-0.2,297.49,297.49,0.25,0.25,9.96,9.96,358.09,356.21,211.2,356.21,1.67,1.92,0.09,1.92,9.15,8.06,11.67,8.06,25.48,24.98,25.48,5.65,3.5,5.65
2022-06-22T06:00:00+00:00,16.83,16.83,31.71,31.71,0.34,0.34,78.9,78.9,0.0,0.0,-0.2,-0.2,297.73,297.73,0.25,0.25,9.85,9.85,358.2,356.31,211.29,356.31,1.67,1.91,0.09,1.91,9.11,8.04,11.66,8.04,24.93,25.95,24.93,5.37,3.21,5.37
2022-06-22T07:00:00+00:00,17.86,17.86,31.46,31.46,0.34,0.34,72.8,72.8,0.0,0.0,-0.2,-0.2,296.83,296.83,0.24,0.24,9.81,9.81,357.93,356.29,211.38,356.29,1.65,1.87,0.09,1.87,9.13,7.99,11.65,7.99,25.75,23.27,25.75,5.23,3.9,5.23
2022-06-22T08:00:00+00:00,18.88,18.88,31.23,31.23,0.34,0.34,66.7,66.7,0.0,0.0,-0.2,-0.2,295.93,295.93,0.23,0.23,9.77,9.77,357.66,356.26,211.47,356.26,1.63,1.84,0.08,1.84,9.14,7.93,11.65,7.93,26.58,20.6,26.58,5.1,4.6,5.1
2022-06-22T09:00:00+00:00,19.91,19.91,31.27,31.27,0.33,0.33,60.6,60.6,0.0,0.0,-0.2,-0.2,295.03,295.03,0.22,0.22,9.73,9.73,357.39,356.24,211.56,356.24,1.61,1.8,0.08,1.8,9.16,7.88,11.64,7.88,27.4,17.92,27.4,4.96,5.29,4.96
2022-06-22T10:00:00+00:00,20.65,20.65,31.4,31.4,0.33,0.33,58.43,58.43,0.0,0.0,-0.2,-0.2,295.02,295.02,0.22,0.22,9.69,9.69,357.28,356.66,211.67,356.66,1.59,1.76,0.08,1.76,9.18,7.82,11.63,7.82,20.07,12.91,20.07,5.04,5.71,5.04
2022-06-22T11:00:00+00:00,21.39,21.39,31.75,31.75,0.33,0.33,56.27,56.27,0.0,0.0,-0.2,-0.2,295.01,295.01,0.21,0.21,9.66,9.66,357.18,357.08,211.79,357.08,1.58,1.72,0.08,1.72,9.2,7.76,11.63,7.76,12.74,7.9,12.74,5.13,6.14,5.13
2022-06-22T12:00:00+00:00,22.12,22.12,32.24,32.24,0.33,0.33,54.1,54.1,0.0,0.0,-0.2,-0.2,295.0,295.0,0.21,0.21,9.62,9.62,357.07,357.5,211.9,357.5,1.56,1.68,0.08,1.68,9.22,7.7,11.62,7.7,5.41,2.89,5.41,5.21,6.56,5.21
2022-06-22T13:00:00+00:00,21.7,21.7,32.81,32.81,0.33,0.33,55.8,55.8,0.0,0.0,-0.2,-0.2,316.27,316.27,0.33,0.33,10.36,10.36,356.86,359.28,239.84,359.28,1.54,1.59,0.12,1.59,9.26,7.8,10.93,7.8,3.71,1.96,3.71,5.42,6.42,5.42
2022-06-22T14:00:00+00:00,21.27,21.27,33.51,33.51,0.33,0.33,57.5,57.5,0.0,0.0,-0.2,-0.2,337.55,337.55,0.44,0.44,11.1,11.1,356.64,1.05,267.79,1.05,1.52,1.5,0.16,1.5,9.3,7.91,10.24,7.91,2.0,1.03,2.0,5.63,6.29,5.63
2022-06-22T15:00:00+00:00,20.85,20.85,34.16,34.16,0.33,0.33,59.2,59.2,0.0,0.0,-0.2,-0.2,358.82,358.82,0.56,0.56,11.84,11.84,356.43,2.83,295.73,2.83,1.5,1.41,0.2,1.41,9.34,8.01,9.55,8.01,0.3,0.1,0.3,5.84,6.15,5.84
2022-06-22T16:00:00+00:00,20.74,20.74,34.86,34.86,0.33,0.33,60.13,60.13,0.0,0.0,-0.2,-0.2,348.4,348.4,0.49,0.49,11.44,11.44,356.21,1.26,281.62,1.26,1.49,1.44,0.18,1.44,9.37,7.92,9.83,7.92,359.67,359.73,359.67,5.96,6.34,5.96
2022-06-22T17:00:00+00:00,20.63,20.63,35.5,35.5,0.33,0.33,61.07,61.07,0.0,0.0,-0.2,-0.2,337.99,337.99,0.43,0.43,11.03,11.03,356.0,359.68,267.5,359.68,1.48,1.47,0.16,1.47,9.41,7.84,10.11,7.84,359.03,359.36,359.03,6.09,6.52,6.09
2022-06-22T18:00:00+00:00,20.52,20.52,36.05,36.05,0.33,0.33,62.0,62.0,0.0,0.0,-0.2,-0.2,327.57,327.57,0.36,0.36,10.63,10.63,355.78,358.11,253.39,358.11,1.47,1.5,0.14,1.5,9.44,7.75,10.39,7.75,358.4,358.99,358.4,6.21,6.71,6.21
2022-06-22T19:00:00+00:00,19.84,19.84,36.49,36.49,0.33,0.33,66.7,66.7,0.0,0.0,-0.2,-0.2,317.08,317.08,0.3,0.3,10.22,10.22,355.44,357.93,239.51,357.93,1.47,1.49,0.12,1.49,9.38,7.73,10.63,7.73,2.3,2.41,2.3,6.07,6.34,6.07
2022-06-22T20:00:00+00:00,19.17,19.17,36.76,36.76,0.33,0.33,71.4,71.4,0.0,0.0,-0.2,-0.2,306.6,306.6,0.23,0.23,9.81,9.81,355.11,357.74,225.62,357.74,1.47,1.48,0.11,1.48,9.33,7.7,10.88,7.7,6.19,5.83,6.19,5.92,5.98,5.92
2022-06-22T21:00:00+00:00,18.49,18.49,36.85,36.85,0.33,0.33,76.1,76.1,0.0,0.0,-0.2,-0.2,296.11,296.11,0.17,0.17,9.4,9.4,354.77,357.56,211.74,357.56,1.47,1.47,0.09,1.47,9.27,7.68,11.12,7.68,10.09,9.25,10.09,5.78,5.61,5.78
2022-06-22T22:00:00+00:00,18.38,18.38,36.83,36.83,0.32,0.32,75.73,75.73,0.0,0.0,-0.2,-0.2,316.54,316.54,0.3,0.3,10.01,10.01,355.1,357.65,239.44,357.65,1.47,1.47,0.11,1.47,9.2,7.64,10.49,7.64,11.42,7.75,11.42,5.6,5.35,5.6
2022-06-22T23:00:00+00:00,18.26,18.26,36.76,36.76,0.32,0.32,75.37,75.37,0.0,0.0,-0.2,-0.2,336.98,336.98,0.43,0.43,10.61,10.61,355.44,357.73,267.13,357.73,1.48,1.46,0.13,1.46,9.13,7.61,9.87,7.61,12.76,6.26,12.76,5.41,5.1,5.41
2022-06-23T00:00:00+00:00,18.15,18.15,34.34,34.34,0.33,0.33,75.0,75.0,0.0,0.0,-0.19,-0.19,357.41,357.41,0.56,0.56,11.22,11.22,355.77,357.82,294.83,357.82,1.48,1.46,0.15,1.46,9.06,7.57,9.24,7.57,14.09,4.76,14.09,5.23,4.84,5.23
2022-06-23T01:00:00+00:00,17.9,17.9,34.41,34.41,0.32,0.32,75.6,75.6,0.0,0.0,-0.19,-0.19,358.05,358.05,0.56,0.56,11.17,11.17,355.81,357.7,294.29,357.7,1.49,1.48,0.15,1.48,9.1,7.74,9.19,7.74,13.55,6.76,13.55,5.12,4.6,5.12
2022-06-23T02:00:00+00:00,17.64,17.64,34.33,34.33,0.32,0.32,76.2,76.2,0.0,0.0,-0.19,-0.19,358.7,358.7,0.57,0.57,11.11,11.11,355.86,357.59,293.76,357.59,1.49,1.49,0.14,1.49,9.14,7.92,9.15,7.92,13.0,8.75,13.0,5.01,4.36,5.01
2022-06-23T03:00:00+00:00,17.39,17.39,34.1,34.1,0.31,0.31,76.8,76.8,0.0,0.0,-0.19,-0.19,359.34,359.34,0.57,0.57,11.06,11.06,355.9,357.47,293.22,357.47,1.5,1.51,0.14,1.51,9.18,8.09,9.1,8.09,12.46,10.75,12.46,4.9,4.12,4.9
2022-06-23T04:00:00+00:00,17.23,17.23,33.59,33.59,0.3,0.3,77.73,77.73,0.0,0.0,-0.19,-0.19,337.18,337.18,0.43,0.43,10.38,10.38,355.84,357.45,265.65,357.45,1.49,1.49,0.12,1.49,9.18,7.97,9.7,7.97,8.34,12.19,8.34,5.01,3.99,5.01
2022-06-23T05:00:00+00:00,17.07,17.07,33.0,33.0,0.3,0.3,78.67,78.67,0.0,0.0,-0.19,-0.19,315.02,315.02,0.28,0.28,9.7,9.7,355.78,357.43,238.07,357.43,1.47,1.48,0.1,1.48,9.19,7.84,10.29,7.84,4.21,13.64,4.21,5.13,3.85,5.13
2022-06-23T06:00:00+00:00,16.91,16.91,32.43,32.43,0.29,0.29,79.6,79.6,0.0,0.0,-0.19,-0.19,292.86,292.86,0.14,0.14,9.02,9.02,355.72,357.41,210.5,357.41,1.46,1.46,0.08,1.46,9.19,7.72,10.89,7.72,0.09,15.08,0.09,5.25,3.72,5.25
2022-06-23T07:00:00+00:00,17.91,17.91,31.8,31.8,0.29,0.29,75.2,75.2,0.0,0.0,-0.19,-0.19,292.8,292.8,0.14,0.14,9.0,9.0,355.53,356.93,210.57,356.93,1.45,1.44,0.08,1.44,9.14,7.66,10.87,7.66,0.42,11.0,0.42,5.25,4.38,5.25
2022-06-23T08:00:00+00:00,18.91,18.91,31.3,31.3,0.28,0.28,70.8,70.8,0.0,0.0,-0.19,-0.19,292.73,292.73,0.13,0.13,8.98,8.98,355.34,356.45,210.65,356.45,1.43,1.41,0.08,1.41,9.09,7.61,10.86,7.61,0.76,6.93,0.76,5.26,5.05,5.26
2022-06-23T09:00:00+00:00,19.91,19.91,30.94,30.94,0.28,0.28,66.4,66.4,0.0,0.0,-0.19,-0.19,292.67,292.67,0.13,0.13,8.96,8.96,355.15,355.97,210.72,355.97,1.42,1.39,0.08,1.39,9.04,7.55,10.84,7.55,1.09,2.85,1.09,5.26,5.71,5.26
2022-06-23T10:00:00+00:00,20.61,20.61,30.62,30.62,0.28,0.28,62.6,62.6,0.0,0.0,-0.19,-0.19,292.99,292.99,0.13,0.13,8.92,8.92,355.04,355.91,210.86,355.91,1.4,1.38,0.08,1.38,9.0,7.48,10.82,7.48,358.89,358.16,358.89,5.33,5.85,5.33
2022-06-23T11:00:00+00:00,21.32,21.32,30.56,30.56,0.28,0.28,58.8,58.8,0.0,0.0,-0.19,-0.19,293.32,293.32,0.13,0.13,8.87,8.87,354.92,355.84,211.0,355.84,1.39,1.36,0.09,1.36,8.96,7.42,10.79,7.42,356.68,353.48,356.68,5.39,5.99,5.39
2022-06-23T12:00:00+00:00,22.02,22.02,30.56,30.56,0.28,0.28,55.0,55.0,0.0,0.0,-0.19,-0.19,293.64,293.64,0.13,0.13,8.83,8.83,354.81,355.78,211.14,355.78,1.37,1.35,0.09,1.35,8.92,7.35,10.77,7.35,354.48,348.79,354.48,5.46,6.13,5.46
2022-06-23T13:00:00+00:00,22.21,22.21,30.65,30.65,0.28,0.28,54.67,54.67,0.0,0.0,-0.19,-0.19,293.92,293.92,0.13,0.13,8.8,8.8,354.65,355.71,211.22,355.71,1.35,1.33,0.09,1.33,8.9,7.34,10.73,7.34,352.23,347.01,352.23,5.59,6.51,5.59
2022-06-23T14:00:00+00:00,22.4,22.4,30.9,30.9,0.29,0.29,54.33,54.33,0.0,0.0,-0.19,-0.19,294.21,294.21,0.12,0.12,8.76,8.76,354.5,355.64,211.29,355.64,1.34,1.32,0.09,1.32,8.88,7.33,10.69,7.33,349.97,345.22,349.97,5.72,6.89,5.72
2022-06-23T15:00:00+00:00,22.59,22.59,31.26,31.26,0.29,0.29,54.0,54.0,0.0,0.0,-0.19,-0.19,294.49,294.49,0.12,0.12,8.73,8.73,354.34,355.57,211.37,355.57,1.32,1.3,0.09,1.3,8.86,7.32,10.65,7.32,347.72,343.44,347.72,5.85,7.27,5.85
2022-06-23T16:00:00+00:00,22.01,22.01,31.67,31.67,0.29,0.29,55.63,55.63,0.0,0.0,-0.19,-0.19,293.95,293.95,0.12,0.12,8.68,8.68,354.09,355.2,211.34,355.2,1.31,1.28,0.09,1.28,8.85,7.35,10.6,7.35,347.7,344.42,347.7,5.93,7.13,5.93
2022-06-23T17:00:00+00:00,21.43,21.43,32.08,32.08,0.29,0.29,57.27,57.27,0.0,0.0,-0.19,-0.19,293.42,293.42,0.11,0.11,8.63,8.63,353.83,354.82,211.32,354.82,1.3,1.25,0.09,1.25,8.83,7.39,10.56,7.39,347.67,345.4,347.67,6.0,7.0,6.0
2022-06-23T18:00:00+00:00,20.85,20.85,32.49,32.49,0.29,0.29,58.9,58.9,0.0,0.0,-0.19,-0.19,292.88,292.88,0.11,0.11,8.58,8.58,353.58,354.45,211.29,354.45,1.29,1.23,0.09,1.23,8.82,7.42,10.51,7.42,347.65,346.38,347.65,6.08,6.86,6.08
2022-06-23T19:00:00+00:00,20.15,20.15,32.89,32.89,0.29,0.29,63.87,63.87,0.0,0.0,-0.19,-0.19,293.06,293.06,0.11,0.11,8.55,8.55,353.09,353.82,211.19,353.82,1.29,1.22,0.09,1.22,8.71,7.35,10.47,7.35,350.98,351.94,350.98,5.75,6.38,5.75
2022-06-23T20:00:00+00:00,19.45,19.45,33.16,33.16,0.29,0.29,68.83,68.83,0.0,0.0,-0.19,-0.19,293.23,293.23,0.11,0.11,8.52,8.52,352.59,353.19,211.1,353.19,1.3,1.22,0.09,1.22,8.59,7.27,10.42,7.27,354.32,357.49,354.32,5.42,5.89,5.42
2022-06-23T21:00:00+00:00,18.75,18.75,33.32,33.32,0.29,0.29,73.8,73.8,0.0,0.0,-0.19,-0.19,293.41,293.41,0.11,0.11,8.49,8.49,352.1,352.56,211.0,352.56,1.3,1.21,0.09,1.21,8.48,7.2,10.38,7.2,357.65,3.05,357.65,5.09,5.41,5.09
2022-06-23T22:00:00+00:00,18.65,18.65,33.32,33.32,0.29,0.29,75.27,75.27,0.0,0.0,-0.19,-0.19,265.74,265.74,0.1,0.1,9.08,9.08,352.01,353.38,258.27,353.38,1.29,1.13,0.38,1.13,8.51,7.28,9.97,7.28,1.51,6.05,1.51,5.65,5.4,5.65
2022-06-23T23:00:00+00:00,18.55,18.55,33.19,33.19,0.29,0.29,76.73,76.73,0.0,0.0,-0.19,-0.19,238.06,238.06,0.1,0.1,9.68,9.68,351.92,354.2,305.53,354.2,1.29,1.06,0.67,1.06,8.55,7.35,9.57,7.35,5.37,9.05,5.37,6.21,5.39,6.21
2022-06-24T00:00:00+00:00,18.45,18.45,23.23,23.23,0.26,0.26,78.2,78.2,0.01,0.01,-0.19,-0.19,210.39,210.39,0.09,0.09,10.27,10.27,351.83,355.02,352.8,355.02,1.28,0.98,0.96,0.98,8.58,7.43,9.16,7.43,9.23,12.05,9.23,6.77,5.38,6.77
2022-06-24T01:00:00+00:00,18.32,18.32,22.64,22.64,0.26,0.26,79.03,79.03,0.0,0.0,-0.19,-0.19,216.36,216.36,0.09,0.09,10.4,10.4,351.3,353.51,335.61,353.51,1.27,1.05,0.66,1.05,8.51,7.41,10.14,7.41,10.31,10.68,10.31,6.75,5.24,6.75
2022-06-24T02:00:00+00:00,18.18,18.18,22.05,22.05,0.26,0.26,79.87,79.87,0.0,0.0,-0.19,-0.19,222.32,222.32,0.09,0.09,10.54,10.54,350.77,352.0,318.43,352.0,1.26,1.12,0.36,1.12,8.43,7.39,11.13,7.39,11.39,9.3,11.39,6.73,5.1,6.73
2022-06-24T03:00:00+00:00,18.05,18.05,21.53,21.53,0.26,0.26,80.7,80.7,0.0,0.0,-0.19,-0.19,228.29,228.29,0.09,0.09,10.67,10.67,350.24,350.49,301.24,350.49,1.25,1.19,0.06,1.19,8.36,7.37,12.11,7.37,12.47,7.93,12.47,6.71,4.96,6.71
2022-06-24T04:00:00+00:00,17.89,17.89,20.9,20.9,0.27,0.27,80.47,80.47,0.01,0.01,-0.19,-0.19,228.63,228.63,0.09,0.09,10.62,10.62,350.08,349.69,301.48,349.69,1.26,1.18,0.06,1.18,8.19,7.26,12.04,7.26,12.96,8.8,12.96,6.48,4.9,6.48
2022-06-24T05:00:00+00:00,17.73,17.73,20.51,20.51,0.27,0.27,80.23,80.23,0.01,0.01,-0.19,-0.19,228.97,228.97,0.08,0.08,10.56,10.56,349.92,348.88,301.72,348.88,1.26,1.16,0.07,1.16,8.03,7.15,11.97,7.15,13.44,9.67,13.44,6.25,4.83,6.25
2022-06-24T06:00:00+00:00,17.57,17.57,20.08,20.08,0.27,0.27,80.0,80.0,0.01,0.01,-0.19,-0.19,229.31,229.31,0.08,0.08,10.51,10.51,349.76,348.08,301.96,348.08,1.27,1.15,0.07,1.15,7.86,7.04,11.9,7.04,13.93,10.54,13.93,6.02,4.77,6.02
2022-06-24T07:00:00+00:00,18.42,18.42,19.83,19.83,0.27,0.27,75.5,75.5,0.01,0.01,-0.19,-0.19,244.04,244.04,0.08,0.08,10.75,10.75,349.25,348.02,301.24,348.02,1.25,1.13,0.07,1.13,7.88,7.01,11.87,7.01,14.28,9.27,14.28,6.14,5.54,6.14
2022-06-24T08:00:00+00:00,19.27,19.27,19.7,19.7,0.27,0.27,71.0,71.0,0.01,0.01,-0.2,-0.2,258.76,258.76,0.07,0.07,11.0,11.0,348.75,347.95,300.51,347.95,1.24,1.12,0.07,1.12,7.89,6.98,11.85,6.98,14.63,8.0,14.63,6.25,6.3,6.25
2022-06-24T09:00:00+00:00,20.12,20.12,19.73,19.73,0.27,0.27,66.5,66.5,0.01,0.01,-0.2,-0.2,273.49,273.49,0.07,0.07,11.24,11.24,348.24,347.89,299.79,347.89,1.22,1.1,0.07,1.1,7.91,6.95,11.82,6.95,14.98,6.73,14.98,6.37,7.07,6.37
2022-06-24T10:00:00+00:00,20.92,20.92,19.81,19.81,0.27,0.27,63.63,63.63,0.01,0.01,-0.2,-0.2,253.4,253.4,0.07,0.07,10.51,10.51,347.79,347.25,270.21,347.25,1.2,1.11,0.08,1.11,7.99,6.88,11.08,6.88,12.06,4.76,12.06,6.64,7.47,6.64
2022-06-24T11:00:00+00:00,21.72,21.72,20.0,20.0,0.27,0.27,60.77,60.77,0.0,0.0,-0.2,-0.2,233.32,233.32,0.07,0.07,9.78,9.78,347.33,346.62,240.64,346.62,1.17,1.11,0.08,1.11,8.08,6.8,10.34,6.8,9.14,2.79,9.14,6.91,7.86,6.91
2022-06-24T12:00:00+00:00,22.52,22.52,20.32,20.32,0.28,0.28,57.9,57.9,0.0,0.0,-0.2,-0.2,213.23,213.23,0.07,0.07,9.05,9.05,346.88,345.98,211.06,345.98,1.15,1.12,0.09,1.12,8.16,6.73,9.6,6.73,6.22,0.82,6.22,7.18,8.26,7.18
2022-06-24T13:00:00+00:00,22.6,22.6,20.63,20.63,0.28,0.28,57.23,57.23,0.0,0.0,-0.2,-0.2,212.64,212.64,0.08,0.08,9.28,9.28,346.83,345.31,257.39,345.31,1.15,1.09,0.33,1.09,8.19,6.77,9.31,6.77,5.24,359.88,5.24,7.27,8.15,7.27
2022-06-24T14:00:00+00:00,22.67,22.67,20.94,20.94,0.28,0.28,56.57,56.57,0.0,0.0,-0.2,-0.2,212.04,212.04,0.08,0.08,9.5,9.5,346.78,344.65,303.73,344.65,1.15,1.07,0.58,1.07,8.21,6.81,9.01,6.81,4.26,358.94,4.26,7.35,8.03,7.35
2022-06-24T15:00:00+00:00,22.75,22.75,21.32,21.32,0.28,0.28,55.9,55.9,0.0,0.0,-0.2,-0.2,211.45,211.45,0.09,0.09,9.73,9.73,346.73,343.98,350.06,343.98,1.15,1.04,0.82,1.04,8.24,6.85,8.72,6.85,3.28,358.0,3.28,7.44,7.92,7.44
2022-06-24T16:00:00+00:00,22.27,22.27,21.8,21.8,0.28,0.28,59.4,59.4,0.0,0.0,-0.2,-0.2,211.36,211.36,0.09,0.09,9.86,9.86,346.65,344.36,349.68,344.36,1.15,1.04,0.81,1.04,8.25,7.11,8.78,7.11,2.69,358.37,2.69,7.5,7.89,7.5
2022-06-24T17:00:00+00:00,21.79,21.79,22.12,22.12,0.29,0.29,62.9,62.9,0.0,0.0,-0.2,-0.2,211.26,211.26,0.09,0.09,10.0,10.0,346.57,344.73,349.3,344.73,1.15,1.03,0.81,1.03,8.27,7.36,8.85,7.36,2.09,358.75,2.09,7.57,7.85,7.57
2022-06-24T18:00:00+00:00,21.3,21.3,22.55,22.55,0.29,0.29,66.4,66.4,0.0,0.0,-0.2,-0.2,211.17,211.17,0.09,0.09,10.13,10.13,346.49,345.11,348.92,345.11,1.15,1.03,0.8,1.03,8.28,7.62,8.91,7.62,1.5,359.12,1.5,7.63,7.82,7.63
2022-06-24T19:00:00+00:00,20.6,20.6,22.8,22.8,0.29,0.29,71.2,71.2,0.0,0.0,-0.2,-0.2,211.17,211.17,0.08,0.08,9.92,9.92,346.31,344.46,303.0,344.46,1.17,1.05,0.55,1.05,8.15,7.48,9.32,7.48,3.79,1.57,3.79,7.53,7.66,7.53
2022-06-24T20:00:00+00:00,19.9,19.9,23.17,23.17,0.29,0.29,76.0,76.0,0.01,0.01,-0.2,-0.2,211.18,211.18,0.07,0.07,9.71,9.71,346.12,343.82,257.07,343.82,1.2,1.08,0.31,1.08,8.03,7.33,9.72,7.33,6.07,4.03,6.07,7.43,7.5,7.43
2022-06-24T21:00:00+00:00,19.2,19.2,23.41,23.41,0.3,0.3,80.8,80.8,0.01,0.01,-0.2,-0.2,211.18,211.18,0.06,0.06,9.5,9.5,345.94,343.17,211.15,343.17,1.22,1.1,0.06,1.1,7.9,7.19,10.13,7.19,8.36,6.48,8.36,7.33,7.34,7.33
2022-06-24T22:00:00+00:00,19.1,19.1,23.6,23.6,0.3,0.3,81.4,81.4,0.01,0.01,-0.2,-0.2,211.18,211.18,0.06,0.06,9.19,9.19,344.79,344.13,211.32,344.13,1.24,1.07,0.06,1.07,7.88,7.26,10.12,7.26,10.63,7.53,10.63,7.69,7.4,7.69
2022-06-24T23:00:00+00:00,19.0,19.0,23.77,23.77,0.3,0.3,82.0,82.0,0.02,0.02,-0.2,-0.2,211.17,211.17,0.06,0.06,8.88,8.88,343.65,345.1,211.49,345.1,1.25,1.05,0.05,1.05,7.85,7.33,10.11,7.33,12.9,8.58,12.9,8.06,7.47,8.06
2022-06-25T00:00:00+00:00,18.9,18.9,23.99,23.99,0.3,0.3,82.6,82.6,0.02,0.02,-0.2,-0.2,211.17,211.17,0.06,0.06,8.57,8.57,342.5,346.06,211.66,346.06,1.27,1.02,0.05,1.02,7.83,7.4,10.1,7.4,15.17,9.63,15.17,8.42,7.53,8.42
2022-06-25T01:00:00+00:00,18.72,18.72,24.41,24.41,0.3,0.3,83.0,83.0,0.02,0.02,-0.2,-0.2,211.31,211.31,0.06,0.06,9.05,9.05,344.12,345.75,210.95,345.75,1.31,1.0,0.05,1.0,7.75,7.47,9.38,7.47,14.44,10.69,14.44,8.29,6.93,8.29
2022-06-25T02:00:00+00:00,18.53,18.53,24.63,24.63,0.3,0.3,83.4,83.4,0.03,0.03,-0.2,-0.2,211.46,211.46,0.05,0.05,9.52,9.52,345.74,345.45,210.25,345.45,1.34,0.99,0.05,0.99,7.66,7.53,8.67,7.53,13.72,11.76,13.72,8.16,6.33,8.16
2022-06-25T03:00:00+00:00,18.35,18.35,24.84,24.84,0.3,0.3,83.8,83.8,0.04,0.04,-0.2,-0.2,211.6,211.6,0.05,0.05,10.0,10.0,347.36,345.14,209.54,345.14,1.38,0.97,0.05,0.97,7.58,7.6,7.95,7.6,12.99,12.82,12.99,8.03,5.73,8.03
2022-06-25T04:00:00+00:00,18.48,18.48,24.89,24.89,0.3,0.3,80.37,80.37,0.03,0.03,-0.2,-0.2,211.6,211.6,0.05,0.05,9.95,9.95,348.37,345.27,255.53,345.27,1.4,0.97,0.26,0.97,7.51,7.57,8.14,7.57,13.53,11.21,13.53,7.81,6.27,7.81
2022-06-25T05:00:00+00:00,18.61,18.61,24.94,24.94,0.3,0.3,76.93,76.93,0.02,0.02,-0.2,-0.2,211.61,211.61,0.06,0.06,9.91,9.91,349.39,345.4,301.53,345.4,1.42,0.98,0.46,0.98,7.43,7.53,8.34,7.53,14.07,9.61,14.07,7.58,6.82,7.58
2022-06-25T06:00:00+00:00,18.75,18.75,25.04,25.04,0.3,0.3,73.5,73.5,0.02,0.02,-0.2,-0.2,211.61,211.61,0.06,0.06,9.86,9.86,350.4,345.53,347.52,345.53,1.44,0.98,0.67,0.98,7.36,7.5,8.53,7.5,14.61,8.0,14.61,7.36,7.36,7.36
2022-06-25T07:00:00+00:00,19.06,19.06,24.87,24.87,0.3,0.3,72.17,72.17,0.01,0.01,-0.2,-0.2,211.78,211.78,0.06,0.06,9.83,9.83,350.86,344.98,302.47,344.98,1.41,0.96,0.47,0.96,7.41,7.51,8.94,7.51,12.06,7.01,12.06,7.53,7.62,7.53
2022-06-25T08:00:00+00:00,19.37,19.37,24.71,24.71,0.29,0.29,70.83,70.83,0.01,0.01,-0.2,-0.2,211.96,211.96,0.06,0.06,9.79,9.79,351.32,344.43,257.43,344.43,1.38,0.95,0.26,0.95,7.45,7.51,9.35,7.51,9.51,6.03,9.51,7.71,7.88,7.71
2022-06-25T09:00:00+00:00,19.68,19.68,24.48,24.48,0.29,0.29,69.5,69.5,0.01,0.01,-0.2,-0.2,212.13,212.13,0.06,0.06,9.76,9.76,351.78,343.88,212.38,343.88,1.35,0.93,0.06,0.93,7.5,7.52,9.76,7.52,6.96,5.04,6.96,7.89,8.14,7.89
2022-06-25T10:00:00+00:00,20.52,20.52,24.21,24.21,0.29,0.29,66.33,66.33,0.01,0.01,-0.2,-0.2,212.46,212.46,0.06,0.06,9.74,9.74,352.74,346.83,252.4,346.83,1.34,0.96,0.22,0.96,7.45,7.08,9.41,7.08,4.48,3.88,4.48,7.73,8.31,7.73
2022-06-25T11:00:00+00:00,21.36,21.36,23.97,23.97,0.29,0.29,63.17,63.17,0.01,0.01,-0.2,-0.2,212.8,212.8,0.06,0.06,9.72,9.72,353.69,349.78,292.41,349.78,1.34,0.99,0.37,0.99,7.4,6.64,9.05,6.64,2.01,2.71,2.01,7.56,8.49,7.56
2022-06-25T12:00:00+00:00,22.19,22.19,23.69,23.69,0.29,0.29,60.0,60.0,0.01,0.01,-0.2,-0.2,213.13,213.13,0.06,0.06,9.7,9.7,354.65,352.73,332.43,352.73,1.33,1.02,0.53,1.02,7.35,6.2,8.7,6.2,359.53,1.55,359.53,7.4,8.66,7.4
2022-06-25T13:00:00+00:00,22.46,22.46,23.52,23.52,0.29,0.29,60.5,60.5,0.01,0.01,-0.21,-0.21,222.11,222.11,0.07,0.07,9.77,9.77,354.54,352.51,292.73,352.51,1.24,1.09,0.37,1.09,7.54,6.27,9.02,6.27,359.51,359.74,359.51,7.89,8.82,7.89
2022-06-25T14:00:00+00:00,22.72,22.72,23.52,23.52,0.29,0.29,61.0,61.0,0.02,0.02,-0.21,-0.21,231.1,231.1,0.07,0.07,9.84,9.84,354.43,352.3,253.04,352.3,1.15,1.15,0.22,1.15,7.73,6.34,9.33,6.34,359.49,357.93,359.49,8.37,8.98,8.37
2022-06-25T15:00:00+00:00,22.98,22.98,23.47,23.47,0.29,0.29,61.5,61.5,0.02,0.02,-0.2,-0.2,240.08,240.08,0.08,0.08,9.91,9.91,354.32,352.08,213.34,352.08,1.06,1.22,0.06,1.22,7.92,6.41,9.65,6.41,359.47,356.12,359.47,8.86,9.14,8.86
2022-06-25T16:00:00+00:00,22.5,22.5,23.64,23.64,0.29,0.29,64.2,64.2,0.02,0.02,-0.2,-0.2,230.96,230.96,0.07,0.07,9.81,9.81,355.05,348.85,244.12,348.85,1.05,1.15,0.08,1.15,7.87,6.43,9.85,6.43,359.04,356.58,359.04,8.84,9.29,8.84
2022-06-25T17:00:00+00:00,22.03,22.03,23.83,23.83,0.29,0.29,66.9,66.9,0.02,0.02,-0.2,-0.2,221.85,221.85,0.07,0.07,9.71,9.71,355.79,345.62,274.91,345.62,1.05,1.07,0.1,1.07,7.81,6.46,10.05,6.46,358.62,357.03,358.62,8.82,9.44,8.82
2022-06-25T18:00:00+00:00,21.55,21.55,24.06,24.06,0.29,0.29,69.6,69.6,0.02,0.02,-0.2,-0.2,212.73,212.73,0.06,0.06,9.61,9.61,356.52,342.39,305.69,342.39,1.04,1.0,0.12,1.0,7.76,6.48,10.25,6.48,358.19,357.49,358.19,8.8,9.59,8.8
2022-06-25T19:00:00+00:00,20.82,20.82,24.45,24.45,0.3,0.3,73.87,73.87,0.01,0.01,-0.2,-0.2,212.54,212.54,0.06,0.06,9.6,9.6,355.32,339.43,305.54,339.43,1.04,0.98,0.12,0.98,7.7,6.41,10.22,6.41,0.21,358.42,0.21,8.74,8.97,8.74
2022-06-25T20:00:00+00:00,20.08,20.08,24.69,24.69,0.3,0.3,78.13,78.13,0.01,0.01,-0.2,-0.2,212.34,212.34,0.05,0.05,9.59,9.59,354.11,336.47,305.4,336.47,1.05,0.97,0.12,0.97,7.63,6.35,10.18,6.35,2.24,359.36,2.24,8.67,8.34,8.67
2022-06-25T21:00:00+00:00,19.34,19.34,25.01,25.01,0.3,0.3,82.4,82.4,0.0,0.0,-0.2,-0.2,212.15,212.15,0.05,0.05,9.58,9.58,352.91,333.51,305.25,333.51,1.05,0.95,0.12,0.95,7.57,6.28,10.15,6.28,4.26,0.29,4.26,8.61,7.72,8.61
2022-06-25T22:00:00+00:00,19.17,19.17,25.28,25.28,0.3,0.3,82.53,82.53,0.01,0.01,-0.2,-0.2,212.09,212.09,0.05,0.05,9.56,9.56,352.58,334.86,295.93,334.86,1.18,1.0,0.11,1.0,7.45,6.22,10.06,6.22,4.64,1.69,4.64,8.17,7.75,8.17
2022-06-25T23:00:00+00:00,19.0,19.0,25.54,25.54,0.31,0.31,82.67,82.67,0.03,0.03,-0.2,-0.2,212.02,212.02,0.05,0.05,9.54,9.54,352.24,336.22,286.61,336.22,1.31,1.05,0.1,1.05,7.32,6.17,9.97,6.17,5.03,3.1,5.03,7.73,7.79,7.73
2022-06-26T00:00:00+00:00,18.83,18.83,32.23,32.23,0.25,0.25,82.8,82.8,0.04,0.04,-0.2,-0.2,211.96,211.96,0.05,0.05,9.52,9.52,351.91,337.57,277.29,337.57,1.44,1.1,0.09,1.1,7.2,6.11,9.88,6.11,5.41,4.5,5.41,7.29,7.82,7.29
2022-06-26T01:00:00+00:00,18.99,18.99,31.93,31.93,0.24,0.24,81.67,81.67,0.04,0.04,-0.2,-0.2,248.4,248.4,0.05,0.05,11.09,11.09,351.43,337.86,301.28,337.86,1.41,1.12,0.08,1.12,7.21,6.19,11.1,6.19,7.26,4.36,7.26,7.37,7.54,7.37
2022-06-26T02:00:00+00:00,19.14,19.14,31.37,31.37,0.24,0.24,80.53,80.53,0.04,0.04,-0.2,-0.2,284.83,284.83,0.06,0.06,12.67,12.67,350.94,338.15,325.26,338.15,1.38,1.13,0.07,1.13,7.23,6.26,12.31,6.26,9.11,4.23,9.11,7.44,7.26,7.44
2022-06-26T03:00:00+00:00,19.3,19.3,30.71,30.71,0.23,0.23,79.4,79.4,0.03,0.03,-0.2,-0.2,321.27,321.27,0.06,0.06,14.24,14.24,350.46,338.44,349.25,338.44,1.35,1.15,0.06,1.15,7.24,6.34,13.53,6.34,10.96,4.09,10.96,7.52,6.98,7.52
2022-06-26T04:00:00+00:00,19.27,19.27,30.1,30.1,0.23,0.23,78.93,78.93,0.04,0.04,-0.2,-0.2,330.05,330.05,0.06,0.06,13.97,13.97,350.44,337.5,302.62,337.5,1.34,1.13,0.06,1.13,7.2,6.3,14.19,6.3,11.17,1.58,11.17,7.42,7.23,7.42
2022-06-26T05:00:00+00:00,19.25,19.25,29.27,29.27,0.23,0.23,78.47,78.47,0.04,0.04,-0.2,-0.2,338.83,338.83,0.07,0.07,13.7,13.7,350.41,336.57,255.99,336.57,1.33,1.1,0.06,1.1,7.17,6.27,14.86,6.27,11.38,359.08,11.38,7.31,7.47,7.31
2022-06-26T06:00:00+00:00,19.22,19.22,28.4,28.4,0.22,0.22,78.0,78.0,0.05,0.05,-0.2,-0.2,347.61,347.61,0.07,0.07,13.43,13.43,350.39,335.63,209.36,335.63,1.32,1.08,0.06,1.08,7.13,6.23,15.52,6.23,11.59,356.57,11.59,7.21,7.72,7.21
2022-06-26T07:00:00+00:00,19.6,19.6,27.42,27.42,0.22,0.22,74.57,74.57,0.04,0.04,-0.2,-0.2,347.3,347.3,0.08,0.08,13.39,13.39,350.07,339.64,209.84,339.64,1.29,1.19,0.06,1.19,7.19,6.06,15.5,6.06,10.96,356.41,10.96,7.51,7.51,7.51
2022-06-26T08:00:00+00:00,19.98,19.98,26.42,26.42,0.22,0.22,71.13,71.13,0.03,0.03,-0.2,-0.2,347.0,347.0,0.08,0.08,13.34,13.34,349.75,343.65,210.32,343.65,1.27,1.31,0.06,1.31,7.25,5.9,15.47,5.9,10.33,356.24,10.33,7.8,7.31,7.8
2022-06-26T09:00:00+00:00,20.35,20.35,25.53,25.53,0.21,0.21,67.7,67.7,0.02,0.02,-0.2,-0.2,346.69,346.69,0.09,0.09,13.3,13.3,349.43,347.66,210.8,347.66,1.24,1.42,0.06,1.42,7.31,5.73,15.45,5.73,9.7,356.08,9.7,8.1,7.1,8.1
2022-06-26T10:00:00+00:00,21.04,21.04,24.71,24.71,0.21,0.21,64.13,64.13,0.01,0.01,-0.2,-0.2,332.37,332.37,0.1,0.1,12.07,12.07,350.85,348.82,210.84,348.82,1.26,1.43,0.06,1.43,7.26,5.7,15.44,5.7,6.98,355.57,6.98,7.77,7.41,7.77
2022-06-26T11:00:00+00:00,21.73,21.73,24.01,24.01,0.21,0.21,60.57,60.57,0.01,0.01,-0.2,-0.2,318.05,318.05,0.1,0.1,10.83,10.83,352.26,349.97,210.88,349.97,1.27,1.44,0.06,1.44,7.21,5.66,15.43,5.66,4.26,355.07,4.26,7.45,7.72,7.45
2022-06-26T12:00:00+00:00,22.41,22.41,23.55,23.55,0.21,0.21,57.0,57.0,0.0,0.0,-0.2,-0.2,303.73,303.73,0.11,0.11,9.6,9.6,353.68,351.13,210.92,351.13,1.29,1.45,0.06,1.45,7.16,5.63,15.42,5.63,1.54,354.56,1.54,7.12,8.03,7.12
2022-06-26T13:00:00+00:00,22.51,22.51,23.18,23.18,0.21,0.21,56.93,56.93,0.0,0.0,-0.2,-0.2,278.85,278.85,0.1,0.1,11.21,11.21,352.47,351.13,211.63,351.13,1.24,1.41,0.06,1.41,7.4,5.65,15.66,5.65,2.96,356.99,2.96,7.6,8.4,7.6
2022-06-26T14:00:00+00:00,22.6,22.6,23.11,23.11,0.21,0.21,56.87,56.87,0.0,0.0,-0.2,-0.2,253.98,253.98,0.09,0.09,12.82,12.82,351.26,351.12,212.33,351.12,1.18,1.36,0.06,1.36,7.63,5.67,15.9,5.67,4.38,359.42,4.38,8.09,8.76,8.09
2022-06-26T15:00:00+00:00,22.7,22.7,23.07,23.07,0.21,0.21,56.8,56.8,0.01,0.01,-0.2,-0.2,229.1,229.1,0.08,0.08,14.43,14.43,350.05,351.12,213.04,351.12,1.13,1.32,0.06,1.32,7.87,5.69,16.14,5.69,5.8,1.85,5.8,8.57,9.13,8.57
2022-06-26T16:00:00+00:00,22.16,22.16,23.11,23.11,0.21,0.21,61.4,61.4,0.0,0.0,-0.2,-0.2,222.85,222.85,0.08,0.08,14.88,14.88,348.8,341.72,211.62,341.72,1.11,1.13,0.06,1.13,8.08,5.74,16.25,5.74,7.33,3.39,7.33,8.74,9.33,8.74
2022-06-26T17:00:00+00:00,21.62,21.62,23.33,23.33,0.22,0.22,66.0,66.0,0.0,0.0,-0.2,-0.2,216.61,216.61,0.07,0.07,15.32,15.32,347.55,332.31,210.2,332.31,1.1,0.95,0.05,0.95,8.29,5.78,16.36,5.78,8.86,4.92,8.86,8.92,9.54,8.92
2022-06-26T18:00:00+00:00,21.08,21.08,23.39,23.39,0.22,0.22,70.6,70.6,0.0,0.0,-0.2,-0.2,210.36,210.36,0.07,0.07,15.77,15.77,346.3,322.91,208.78,322.91,1.08,0.76,0.05,0.76,8.5,5.83,16.47,5.83,10.39,6.46,10.39,9.09,9.74,9.09
2022-06-26T19:00:00+00:00,20.37,20.37,23.52,23.52,0.23,0.23,70.3,70.3,0.0,0.0,-0.2,-0.2,216.23,216.23,0.08,0.08,15.69,15.69,347.94,325.5,209.25,325.5,1.18,0.8,0.05,0.8,8.41,5.89,14.64,5.89,12.26,9.09,12.26,8.89,9.22,8.89
2022-06-26T20:00:00+00:00,19.66,19.66,23.59,23.59,0.23,0.23,70.0,70.0,0.0,0.0,-0.2,-0.2,222.09,222.09,0.09,0.09,15.61,15.61,349.58,328.1,209.72,328.1,1.27,0.83,0.05,0.83,8.31,5.94,12.81,5.94,14.12,11.72,14.12,8.69,8.7,8.69
2022-06-26T21:00:00+00:00,18.95,18.95,23.53,23.53,0.24,0.24,69.7,69.7,0.0,0.0,-0.2,-0.2,227.96,227.96,0.1,0.1,15.53,15.53,351.22,330.69,210.19,330.69,1.37,0.87,0.05,0.87,8.22,6.0,10.98,6.0,15.99,14.35,15.99,8.49,8.18,8.49
2022-06-26T22:00:00+00:00,18.92,18.92,23.27,23.27,0.24,0.24,69.13,69.13,0.0,0.0,-0.2,-0.2,221.82,221.82,0.09,0.09,15.57,15.57,350.14,333.18,255.86,333.18,1.35,0.94,0.19,0.94,8.31,6.06,10.83,6.06,17.34,16.73,17.34,8.62,8.01,8.62
2022-06-26T23:00:00+00:00,18.89,18.89,23.16,23.16,0.25,0.25,68.57,68.57,0.0,0.0,-0.2,-0.2,215.67,215.67,0.07,0.07,15.6,15.6,349.06,335.68,301.54,335.68,1.32,1.02,0.33,1.02,8.39,6.13,10.68,6.13,18.69,19.1,18.69,8.74,7.85,8.74
2022-06-27T00:00:00+00:00,18.85,18.85,27.65,27.65,0.35,0.35,68.0,68.0,0.01,0.01,-0.2,-0.2,209.53,209.53,0.06,0.06,15.64,15.64,347.98,338.17,347.21,338.17,1.3,1.09,0.47,1.09,8.48,6.19,10.53,6.19,20.04,21.48,20.04,8.87,7.68,8.87
2022-06-27T01:00:00+00:00,18.72,18.72,26.88,26.88,0.35,0.35,69.1,69.1,0.01,0.01,-0.2,-0.2,209.55,209.55,0.06,0.06,15.54,15.54,348.87,338.77,347.48,338.77,1.36,1.07,0.51,1.07,8.53,6.11,10.88,6.11,20.56,21.44,20.56,8.89,7.58,8.89
2022-06-27T02:00:00+00:00,18.58,18.58,26.17,26.17,0.35,0.35,70.2,70.2,0.01,0.01,-0.2,-0.2,209.56,209.56,0.06,0.06,15.45,15.45,349.77,339.38,347.74,339.38,1.43,1.05,0.54,1.05,8.57,6.02,11.24,6.02,21.09,21.41,21.09,8.9,7.49,8.9
2022-06-27T03:00:00+00:00,18.45,18.45,25.56,25.56,0.36,0.36,71.3,71.3,0.01,0.01,-0.2,-0.2,209.58,209.58,0.06,0.06,15.35,15.35,350.66,339.98,348.01,339.98,1.49,1.03,0.58,1.03,8.62,5.94,11.59,5.94,21.61,21.37,21.61,8.92,7.39,8.92
2022-06-27T04:00:00+00:00,18.28,18.28,25.18,25.18,0.36,0.36,70.97,70.97,0.01,0.01,-0.2,-0.2,209.62,209.62,0.06,0.06,15.35,15.35,352.23,340.91,348.23,340.91,1.57,1.04,0.59,1.04,8.57,5.98,11.6,5.98,22.9,20.74,22.9,8.61,7.0,8.61
2022-06-27T05:00:00+00:00,18.12,18.12,24.84,24.84,0.36,0.36,70.63,70.63,0.01,0.01,-0.2,-0.2,209.67,209.67,0.07,0.07,15.35,15.35,353.79,341.83,348.46,341.83,1.65,1.04,0.61,1.04,8.53,6.02,11.6,6.02,24.19,20.11,24.19,8.29,6.6,8.29
2022-06-27T06:00:00+00:00,17.95,17.95,24.55,24.55,0.37,0.37,70.3,70.3,0.0,0.0,-0.2,-0.2,209.71,209.71,0.07,0.07,15.35,15.35,355.36,342.76,348.68,342.76,1.73,1.05,0.62,1.05,8.48,6.06,11.61,6.06,25.48,19.48,25.48,7.98,6.21,7.98
2022-06-27T07:00:00+00:00,18.69,18.69,24.48,24.48,0.37,0.37,66.87,66.87,0.0,0.0,-0.2,-0.2,215.65,215.65,0.11,0.11,14.78,14.78,353.23,344.37,302.63,344.37,1.69,1.1,0.44,1.1,8.78,6.06,12.84,6.06,25.41,20.02,25.41,8.57,6.88,8.57
2022-06-27T08:00:00+00:00,19.42,19.42,24.37,24.37,0.37,0.37,63.43,63.43,0.0,0.0,-0.2,-0.2,221.6,221.6,0.16,0.16,14.21,14.21,351.1,345.97,256.58,345.97,1.66,1.14,0.26,1.14,9.08,6.05,14.08,6.05,25.34,20.56,25.34,9.17,7.55,9.17
2022-06-27T09:00:00+00:00,20.16,20.16,24.33,24.33,0.37,0.37,60.0,60.0,0.01,0.01,-0.21,-0.21,227.54,227.54,0.2,0.2,13.64,13.64,348.97,347.58,210.53,347.58,1.62,1.19,0.08,1.19,9.38,6.05,15.31,6.05,25.27,21.1,25.27,9.76,8.22,9.76
2022-06-27T10:00:00+00:00,20.8,20.8,24.34,24.34,0.37,0.37,58.93,58.93,0.0,0.0,-0.21,-0.21,221.91,221.91,0.16,0.16,14.09,14.09,351.57,348.46,256.6,348.46,1.7,1.22,0.31,1.22,9.27,6.56,14.01,6.56,24.22,17.17,24.22,9.42,8.2,9.42
2022-06-27T11:00:00+00:00,21.44,21.44,24.47,24.47,0.37,0.37,57.87,57.87,0.0,0.0,-0.21,-0.21,216.29,216.29,0.12,0.12,14.55,14.55,354.18,349.35,302.66,349.35,1.77,1.26,0.54,1.26,9.17,7.06,12.7,7.06,23.17,13.24,23.17,9.08,8.19,9.08
2022-06-27T12:00:00+00:00,22.08,22.08,24.52,24.52,0.38,0.38,56.8,56.8,0.0,0.0,-0.21,-0.21,210.66,210.66,0.08,0.08,15.0,15.0,356.78,350.23,348.73,350.23,1.85,1.29,0.77,1.29,9.06,7.57,11.4,7.57,22.12,9.31,22.12,8.74,8.17,8.74
2022-06-27T13:00:00+00:00,22.12,22.12,24.7,24.7,0.38,0.38,57.73,57.73,0.0,0.0,-0.21,-0.21,210.74,210.74,0.08,0.08,14.84,14.84,357.2,351.63,348.54,351.63,1.85,1.46,0.8,1.46,9.11,7.61,11.37,7.61,18.51,8.55,18.51,8.73,8.6,8.73
2022-06-27T14:00:00+00:00,22.17,22.17,24.83,24.83,0.38,0.38,58.67,58.67,0.0,0.0,-0.21,-0.21,210.81,210.81,0.08,0.08,14.68,14.68,357.62,353.03,348.34,353.03,1.84,1.64,0.82,1.64,9.16,7.65,11.35,7.65,14.9,7.79,14.9,8.71,9.04,8.71
2022-06-27T15:00:00+00:00,22.22,22.22,24.96,24.96,0.38,0.38,59.6,59.6,0.0,0.0,-0.21,-0.21,210.89,210.89,0.08,0.08,14.52,14.52,358.04,354.43,348.15,354.43,1.84,1.81,0.85,1.81,9.21,7.69,11.32,7.69,11.29,7.03,11.29,8.7,9.47,8.7
2022-06-27T16:00:00+00:00,21.78,21.78,25.13,25.13,0.38,0.38,62.5,62.5,0.0,0.0,-0.21,-0.21,210.68,210.68,0.08,0.08,14.49,14.49,355.94,350.3,341.99,350.3,1.76,1.69,0.82,1.69,9.46,7.95,11.51,7.95,12.47,7.36,12.47,9.15,9.63,9.15
2022-06-27T17:00:00+00:00,21.34,21.34,25.23,25.23,0.39,0.39,65.4,65.4,0.0,0.0,-0.21,-0.21,210.47,210.47,0.09,0.09,14.46,14.46,353.84,346.16,335.83,346.16,1.69,1.58,0.79,1.58,9.7,8.21,11.71,8.21,13.65,7.7,13.65,9.61,9.78,9.61
2022-06-27T18:00:00+00:00,20.9,20.9,25.27,25.27,0.39,0.39,68.3,68.3,0.01,0.01,-0.21,-0.21,210.26,210.26,0.09,0.09,14.43,14.43,351.74,342.03,329.67,342.03,1.61,1.46,0.76,1.46,9.95,8.47,11.9,8.47,14.83,8.03,14.83,10.06,9.94,10.06
2022-06-27T19:00:00+00:00,20.26,20.26,25.36,25.36,0.39,0.39,71.27,71.27,0.01,0.01,-0.21,-0.21,210.37,210.37,0.09,0.09,14.41,14.41,352.84,341.14,335.07,341.14,1.68,1.42,0.83,1.42,9.73,8.49,11.55,8.49,16.26,10.5,16.26,9.69,9.53,9.69
2022-06-27T20:00:00+00:00,19.62,19.62,25.45,25.45,0.39,0.39,74.23,74.23,0.01,0.01,-0.21,-0.21,210.49,210.49,0.09,0.09,14.4,14.4,353.94,340.25,340.47,340.25,1.74,1.39,0.9,1.39,9.51,8.5,11.21,8.5,17.68,12.97,17.68,9.32,9.11,9.32
2022-06-27T21:00:00+00:00,18.98,18.98,25.5,25.5,0.4,0.4,77.2,77.2,0.01,0.01,-0.21,-0.21,210.6,210.6,0.09,0.09,14.38,14.38,355.04,339.36,345.87,339.36,1.81,1.35,0.97,1.35,9.29,8.52,10.86,8.52,19.11,15.44,19.11,8.95,8.7,8.95
2022-06-27T22:00:00+00:00,18.8,18.8,25.54,25.54,0.4,0.4,76.8,76.8,0.01,0.01,-0.21,-0.21,210.45,210.45,0.09,0.09,14.35,14.35,355.09,341.23,346.08,341.23,1.83,1.35,0.95,1.35,9.37,8.52,10.78,8.52,19.92,16.07,19.92,9.18,8.5,9.18
2022-06-27T23:00:00+00:00,18.63,18.63,25.74,25.74,0.4,0.4,76.4,76.4,0.01,0.01,-0.21,-0.21,210.3,210.3,0.09,0.09,14.31,14.31,355.15,343.11,346.29,343.11,1.85,1.36,0.93,1.36,9.45,8.51,10.7,8.51,20.73,16.7,20.73,9.41,8.29,9.41
2022-06-28T00:00:00+00:00,18.45,18.45,27.3,27.3,0.32,0.32,76.0,76.0,0.0,0.0,-0.19,-0.19,210.15,210.15,0.09,0.09,14.28,14.28,355.2,344.98,346.5,344.98,1.87,1.36,0.91,1.36,9.53,8.51,10.62,8.51,21.54,17.33,21.54,9.64,8.09,9.64
2022-06-28T01:00:00+00:00,18.42,18.42,27.3,27.3,0.32,0.32,74.9,74.9,0.01,0.01,-0.2,-0.2,210.11,210.11,0.09,0.09,14.16,14.16,355.76,345.21,346.59,345.21,1.87,1.36,0.91,1.36,9.56,8.47,10.53,8.47,20.82,17.01,20.82,9.69,8.19,9.69
2022-06-28T02:00:00+00:00,18.39,18.39,27.5,27.5,0.32,0.32,73.8,73.8,0.01,0.01,-0.2,-0.2,210.06,210.06,0.09,0.09,14.03,14.03,356.32,345.43,346.69,345.43,1.86,1.36,0.91,1.36,9.59,8.43,10.45,8.43,20.1,16.68,20.1,9.74,8.3,9.74
2022-06-28T03:00:00+00:00,18.36,18.36,27.55,27.55,0.32,0.32,72.7,72.7,0.01,0.01,-0.2,-0.2,210.02,210.02,0.09,0.09,13.91,13.91,356.88,345.66,346.78,345.66,1.86,1.36,0.91,1.36,9.62,8.39,10.36,8.39,19.38,16.36,19.38,9.79,8.4,9.79
2022-06-28T04:00:00+00:00,18.4,18.4,27.61,27.61,0.31,0.31,72.2,72.2,0.01,0.01,-0.2,-0.2,259.75,259.75,0.17,0.17,14.07,14.07,357.71,345.21,306.5,345.21,1.92,1.34,0.64,1.34,9.54,8.38,11.37,8.38,20.47,15.38,20.47,9.53,8.34,9.53
2022-06-28T05:00:00+00:00,18.45,18.45,27.51,27.51,0.31,0.31,71.7,71.7,0.02,0.02,-0.2,-0.2,309.49,309.49,0.26,0.26,14.24,14.24,358.55,344.76,266.22,344.76,1.98,1.31,0.38,1.31,9.45,8.37,12.39,8.37,21.57,14.4,21.57,9.28,8.27,9.28
2022-06-28T06:00:00+00:00,18.49,18.49,27.47,27.47,0.31,0.31,71.2,71.2,0.03,0.03,-0.2,-0.2,359.22,359.22,0.34,0.34,14.4,14.4,359.38,344.31,225.94,344.31,2.04,1.29,0.11,1.29,9.37,8.36,13.4,8.36,22.66,13.42,22.66,9.02,8.21,9.02
2022-06-28T07:00:00+00:00,18.74,18.74,27.27,27.27,0.31,0.31,70.13,70.13,0.02,0.02,-0.2,-0.2,359.23,359.23,0.4,0.4,14.14,14.14,0.23,344.2,220.93,344.2,2.08,1.19,0.1,1.19,9.38,8.37,13.45,8.37,21.66,14.32,21.66,8.94,8.18,8.94
2022-06-28T08:00:00+00:00,19.0,19.0,27.07,27.07,0.31,0.31,69.07,69.07,0.02,0.02,-0.2,-0.2,359.25,359.25,0.45,0.45,13.89,13.89,1.07,344.09,215.93,344.09,2.13,1.09,0.1,1.09,9.39,8.39,13.51,8.39,20.65,15.22,20.65,8.85,8.16,8.85
2022-06-28T09:00:00+00:00,19.25,19.25,26.97,26.97,0.31,0.31,68.0,68.0,0.02,0.02,-0.2,-0.2,359.26,359.26,0.51,0.51,13.63,13.63,1.92,343.98,210.92,343.98,2.17,0.99,0.09,0.99,9.4,8.4,13.56,8.4,19.65,16.12,19.65,8.77,8.13,8.77
2022-06-28T10:00:00+00:00,20.12,20.12,26.77,26.77,0.3,0.3,63.63,63.63,0.01,0.01,-0.2,-0.2,359.0,359.0,0.56,0.56,13.54,13.54,1.76,347.07,211.07,347.07,2.15,1.03,0.09,1.03,9.58,9.34,13.54,9.34,17.0,12.02,17.0,8.97,8.47,8.97
2022-06-28T11:00:00+00:00,20.99,20.99,26.67,26.67,0.3,0.3,59.27,59.27,0.01,0.01,-0.2,-0.2,358.73,358.73,0.6,0.6,13.44,13.44,1.61,350.16,211.21,350.16,2.12,1.07,0.1,1.07,9.76,10.27,13.51,10.27,14.36,7.91,14.36,9.17,8.81,9.17
2022-06-28T12:00:00+00:00,21.85,21.85,26.77,26.77,0.3,0.3,54.9,54.9,0.0,0.0,-0.2,-0.2,358.47,358.47,0.65,0.65,13.35,13.35,1.45,353.25,211.36,353.25,2.1,1.11,0.1,1.11,9.94,11.21,13.49,11.21,11.71,3.81,11.71,9.36,9.15,9.36
2022-06-28T13:00:00+00:00,21.9,21.9,26.97,26.97,0.31,0.31,55.5,55.5,0.0,0.0,-0.2,-0.2,332.8,332.8,0.57,0.57,13.04,13.04,1.26,359.59,211.39,359.59,2.1,1.27,0.1,1.27,10.04,9.62,13.46,9.62,10.17,2.69,10.17,9.42,9.41,9.42
2022-06-28T14:00:00+00:00,21.94,21.94,27.17,27.17,0.31,0.31,56.1,56.1,0.0,0.0,-0.2,-0.2,307.14,307.14,0.48,0.48,12.72,12.72,1.07,5.93,211.42,5.93,2.1,1.42,0.1,1.42,10.14,8.02,13.42,8.02,8.62,1.57,8.62,9.47,9.66,9.47
2022-06-28T15:00:00+00:00,21.98,21.98,27.47,27.47,0.31,0.31,56.7,56.7,0.0,0.0,-0.2,-0.2,281.47,281.47,0.4,0.4,12.41,12.41,0.88,12.27,211.45,12.27,2.1,1.58,0.1,1.58,10.24,6.43,13.39,6.43,7.08,0.45,7.08,9.52,9.92,9.52
2022-06-28T16:00:00+00:00,21.52,21.52,27.85,27.85,0.32,0.32,58.9,58.9,0.0,0.0,-0.2,-0.2,257.79,257.79,0.29,0.29,12.98,12.98,0.14,6.28,235.49,6.28,2.09,1.6,0.22,1.6,10.35,7.5,13.25,7.5,7.79,0.78,7.79,9.57,10.06,9.57
2022-06-28T17:00:00+00:00,21.07,21.07,28.23,28.23,0.32,0.32,61.1,61.1,0.0,0.0,-0.2,-0.2,234.1,234.1,0.19,0.19,13.54,13.54,359.41,0.29,259.54,0.29,2.09,1.62,0.35,1.62,10.45,8.57,13.11,8.57,8.5,1.12,8.5,9.62,10.2,9.62
2022-06-28T18:00:00+00:00,20.61,20.61,28.45,28.45,0.32,0.32,63.3,63.3,0.0,0.0,-0.2,-0.2,210.42,210.42,0.08,0.08,14.11,14.11,358.67,354.3,283.58,354.3,2.08,1.64,0.47,1.64,10.56,9.64,12.97,9.64,9.21,1.45,9.21,9.67,10.34,9.67
2022-06-28T19:00:00+00:00,20.04,20.04,28.81,28.81,0.33,0.33,66.13,66.13,0.01,0.01,-0.2,-0.2,210.15,210.15,0.08,0.08,13.7,13.7,357.99,353.57,258.18,353.57,2.1,1.62,0.33,1.62,10.55,9.69,13.89,9.69,11.26,2.48,11.26,9.63,10.02,9.63
2022-06-28T20:00:00+00:00,19.47,19.47,29.12,29.12,0.33,0.33,68.97,68.97,0.01,0.01,-0.2,-0.2,209.89,209.89,0.09,0.09,13.3,13.3,357.32,352.83,232.78,352.83,2.11,1.6,0.19,1.6,10.53,9.73,14.82,9.73,13.31,3.52,13.31,9.59,9.71,9.59
2022-06-28T21:00:00+00:00,18.89,18.89,29.38,29.38,0.33,0.33,71.8,71.8,0.01,0.01,-0.2,-0.2,209.62,209.62,0.09,0.09,12.89,12.89,356.64,352.1,207.38,352.1,2.13,1.58,0.05,1.58,10.52,9.78,15.74,9.78,15.36,4.55,15.36,9.55,9.39,9.55
2022-06-28T22:00:00+00:00,18.9,18.9,29.69,29.69,0.34,0.34,70.0,70.0,0.01,0.01,-0.2,-0.2,210.09,210.09,0.08,0.08,13.36,13.36,357.26,352.7,207.87,352.7,2.17,1.6,0.05,1.6,10.22,9.68,15.71,9.68,16.67,7.46,16.67,9.14,9.28,9.14
2022-06-28T23:00:00+00:00,18.9,18.9,29.91,29.91,0.34,0.34,68.2,68.2,0.01,0.01,-0.2,-0.2,210.55,210.55,0.08,0.08,13.84,13.84,357.88,353.31,208.36,353.31,2.2,1.63,0.06,1.63,9.92,9.59,15.68,9.59,17.99,10.37,17.99,8.73,9.18,8.73
2022-06-29T00:00:00+00:00,18.91,18.91,34.22,34.22,0.35,0.35,66.4,66.4,0.01,0.01,-0.21,-0.21,211.02,211.02,0.07,0.07,14.31,14.31,358.5,353.91,208.85,353.91,2.24,1.65,0.06,1.65,9.62,9.49,15.65,9.49,19.3,13.28,19.3,8.32,9.07,8.32
2022-06-29T01:00:00+00:00,18.83,18.83,33.97,33.97,0.35,0.35,66.4,66.4,0.02,0.02,-0.21,-0.21,210.92,210.92,0.07,0.07,14.49,14.49,358.63,353.77,209.02,353.77,2.22,1.71,0.06,1.71,9.6,9.25,15.65,9.25,19.21,13.45,19.21,8.48,8.88,8.48
2022-06-29T02:00:00+00:00,18.76,18.76,33.66,33.66,0.34,0.34,66.4,66.4,0.02,0.02,-0.21,-0.21,210.83,210.83,0.07,0.07,14.66,14.66,358.76,353.63,209.2,353.63,2.19,1.78,0.06,1.78,9.59,9.0,15.64,9.0,19.12,13.63,19.12,8.64,8.7,8.64
2022-06-29T03:00:00+00:00,18.68,18.68,33.35,33.35,0.34,0.34,66.4,66.4,0.02,0.02,-0.21,-0.21,210.73,210.73,0.07,0.07,14.84,14.84,358.89,353.49,209.37,353.49,2.17,1.84,0.06,1.84,9.57,8.76,15.64,8.76,19.03,13.8,19.03,8.8,8.51,8.8
2022-06-29T04:00:00+00:00,18.69,18.69,32.89,32.89,0.34,0.34,66.23,66.23,0.01,0.01,-0.21,-0.21,210.42,210.42,0.07,0.07,14.98,14.98,359.28,353.19,210.14,353.19,2.17,1.88,0.07,1.88,9.5,8.61,14.62,8.61,17.34,14.68,17.34,8.61,8.34,8.61
2022-06-29T05:00:00+00:00,18.69,18.69,32.34,32.34,0.34,0.34,66.07,66.07,0.01,0.01,-0.21,-0.21,210.12,210.12,0.07,0.07,15.13,15.13,359.68,352.9,210.91,352.9,2.16,1.91,0.07,1.91,9.42,8.46,13.59,8.46,15.65,15.55,15.65,8.41,8.17,8.41
2022-06-29T06:00:00+00:00,18.7,18.7,31.81,31.81,0.33,0.33,65.9,65.9,0.01,0.01,-0.21,-0.21,209.81,209.81,0.07,0.07,15.27,15.27,0.07,352.6,211.68,352.6,2.16,1.95,0.08,1.95,9.35,8.31,12.57,8.31,13.96,16.43,13.96,8.22,8.0,8.22
2022-06-29T07:00:00+00:00,19.03,19.03,31.22,31.22,0.33,0.33,65.17,65.17,0.01,0.01,-0.21,-0.21,209.88,209.88,0.07,0.07,15.18,15.18,359.56,352.48,211.73,352.48,2.12,1.92,0.08,1.92,9.4,8.3,12.56,8.3,15.25,16.21,15.25,8.49,8.22,8.49
2022-06-29T08:00:00+00:00,19.37,19.37,30.62,30.62,0.33,0.33,64.43,64.43,0.01,0.01,-0.21,-0.21,209.95,209.95,0.07,0.07,15.1,15.1,359.04,352.37,211.77,352.37,2.07,1.89,0.08,1.89,9.45,8.3,12.55,8.3,16.54,15.99,16.54,8.76,8.44,8.76
2022-06-29T09:00:00+00:00,19.71,19.71,30.06,30.06,0.33,0.33,63.7,63.7,0.01,0.01,-0.21,-0.21,210.02,210.02,0.07,0.07,15.01,15.01,358.53,352.25,211.82,352.25,2.03,1.86,0.08,1.86,9.5,8.29,12.54,8.29,17.83,15.77,17.83,9.03,8.66,9.03
2022-06-29T10:00:00+00:00,20.46,20.46,29.64,29.64,0.33,0.33,61.57,61.57,0.01,0.01,-0.21,-0.21,210.01,210.01,0.07,0.07,14.91,14.91,358.46,354.75,211.81,354.75,1.98,1.96,0.08,1.96,9.56,8.11,12.53,8.11,16.48,11.84,16.48,9.28,8.87,9.28
2022-06-29T11:00:00+00:00,21.21,21.21,29.26,29.26,0.33,0.33,59.43,59.43,0.0,0.0,-0.21,-0.21,210.01,210.01,0.07,0.07,14.81,14.81,358.39,357.25,211.8,357.25,1.93,2.05,0.07,2.05,9.61,7.94,12.53,7.94,15.13,7.91,15.13,9.52,9.07,9.52
2022-06-29T12:00:00+00:00,21.96,21.96,28.97,28.97,0.33,0.33,57.3,57.3,0.0,0.0,-0.21,-0.21,210.0,210.0,0.07,0.07,14.71,14.71,358.32,359.75,211.79,359.75,1.88,2.15,0.07,2.15,9.67,7.76,12.52,7.76,13.78,3.98,13.78,9.77,9.28,9.77
2022-06-29T13:00:00+00:00,22.05,22.05,28.87,28.87,0.33,0.33,58.2,58.2,0.0,0.0,-0.21,-0.21,210.33,210.33,0.07,0.07,14.14,14.14,358.78,0.49,211.4,0.49,1.84,2.14,0.07,2.14,9.66,7.72,13.03,7.72,12.6,4.31,12.6,9.89,9.61,9.89
2022-06-29T14:00:00+00:00,22.13,22.13,28.81,28.81,0.33,0.33,59.1,59.1,0.0,0.0,-0.21,-0.21,210.65,210.65,0.07,0.07,13.57,13.57,359.24,1.24,211.0,1.24,1.81,2.14,0.07,2.14,9.65,7.67,13.55,7.67,11.41,4.64,11.41,10.02,9.95,10.02
2022-06-29T15:00:00+00:00,22.22,22.22,28.8,28.8,0.34,0.34,60.0,60.0,0.0,0.0,-0.21,-0.21,210.98,210.98,0.07,0.07,13.0,13.0,359.7,1.98,210.61,1.98,1.77,2.13,0.07,2.13,9.64,7.63,14.06,7.63,10.23,4.97,10.23,10.14,10.28,10.14
2022-06-29T16:00:00+00:00,21.86,21.86,28.83,28.83,0.34,0.34,62.33,62.33,0.0,0.0,-0.21,-0.21,210.97,210.97,0.07,0.07,13.5,13.5,358.8,358.84,235.22,358.84,1.71,1.98,0.25,1.98,9.64,7.77,13.54,7.77,11.04,5.25,11.04,10.24,10.11,10.24
2022-06-29T17:00:00+00:00,21.5,21.5,28.86,28.86,0.34,0.34,64.67,64.67,0.01,0.01,-0.21,-0.21,210.95,210.95,0.08,0.08,13.99,13.99,357.9,355.7,259.82,355.7,1.66,1.83,0.42,1.83,9.64,7.9,13.03,7.9,11.86,5.52,11.86,10.35,9.94,10.35
2022-06-29T18:00:00+00:00,21.14,21.14,28.9,28.9,0.34,0.34,67.0,67.0,0.01,0.01,-0.2,-0.2,210.94,210.94,0.08,0.08,14.49,14.49,357.0,352.56,284.43,352.56,1.6,1.68,0.6,1.68,9.64,8.04,12.51,8.04,12.67,5.8,12.67,10.45,9.77,10.45
2022-06-29T19:00:00+00:00,20.48,20.48,28.93,28.93,0.34,0.34,70.5,70.5,0.01,0.01,-0.2,-0.2,245.04,245.04,0.08,0.08,15.36,15.36,357.53,353.21,303.78,353.21,1.66,1.58,0.42,1.58,9.4,7.73,14.54,7.73,14.32,7.47,14.32,10.09,9.38,10.09
2022-06-29T20:00:00+00:00,19.81,19.81,28.87,28.87,0.35,0.35,74.0,74.0,0.01,0.01,-0.2,-0.2,279.15,279.15,0.07,0.07,16.23,16.23,358.05,353.86,323.12,353.86,1.73,1.49,0.23,1.49,9.15,7.42,16.57,7.42,15.97,9.14,15.97,9.72,8.98,9.72
2022-06-29T21:00:00+00:00,19.15,19.15,28.86,28.86,0.35,0.35,77.5,77.5,0.02,0.02,-0.2,-0.2,313.25,313.25,0.07,0.07,17.1,17.1,358.58,354.51,342.47,354.51,1.79,1.39,0.05,1.39,8.91,7.11,18.6,7.11,17.62,10.81,17.62,9.36,8.59,9.36
2022-06-29T22:00:00+00:00,18.93,18.93,28.85,28.85,0.35,0.35,78.77,78.77,0.01,0.01,-0.2,-0.2,279.3,279.3,0.08,0.08,16.13,16.13,358.51,355.81,342.62,355.81,1.74,1.56,0.08,1.56,8.95,7.18,18.26,7.18,16.75,10.72,16.75,9.52,8.64,9.52
2022-06-29T23:00:00+00:00,18.71,18.71,28.84,28.84,0.35,0.35,80.03,80.03,0.01,0.01,-0.2,-0.2,245.35,245.35,0.08,0.08,15.16,15.16,358.44,357.1,342.77,357.1,1.68,1.73,0.1,1.73,9.0,7.25,17.92,7.25,15.88,10.64,15.88,9.68,8.68,9.68
2022-06-30T00:00:00+00:00,18.49,18.49,27.12,27.12,0.28,0.28,81.3,81.3,0.01,0.01,-0.2,-0.2,211.4,211.4,0.09,0.09,14.19,14.19,358.37,358.4,342.92,358.4,1.63,1.9,0.13,1.9,9.04,7.32,17.58,7.32,15.01,10.55,15.01,9.84,8.73,9.84
